{"_id":{"$oid":"5c85405ec842eb422c31e90c"},"menu_id":"design_pattern","menu_name":"Design Pattern","sort1":"1"}
{"_id":{"$oid":"5c864928c842eb422c31e912"},"menu_id":"spring","menu_name":"Spring","sort":"1"}
{"_id":{"$oid":"5c8bd25dc842eb422c31e916"},"menu_id":"java","menu_name":"Java","sort":"1"}
{"_id":{"$oid":"5c8d201c3335ef6d44eb1fc4"},"menu_id":"hibernate","menu_name":"Hibernate","_class":"com.mongodb.BasicDBObject","sort":"1"}
{"_id":{"$oid":"5c8d24083335ef77b4625844"},"menu_id":"junit","menu_name":"Junit","_class":"com.mongodb.BasicDBObject","sort":"1"}
{"_id":{"$oid":"5c8f9d933335ef0d0c97187c"},"menu_id":"test","menu_name":"test","_class":"com.mongodb.BasicDBObject","sort":"1"}
