{"_id":{"$oid":"5c8542f4c842eb422c31e90f"},"conetent_id":"factory_content","content":"                                        \r\n                                                                                    \r\n                                                                                    \r\n                                                                                    \r\n                                            <h2>Factory Method Pattern</h2>\r\n<br>\r\nA Factory Pattern or Factory Method Pattern says that just define an interface or abstract class for creating an object but let the subclasses decide which class to instantiate. In other words, subclasses are responsible to create the instance of the class.\r\n\r\nThe Factory Method Pattern is also known as Virtual Constructor.\r\n\r\n<h4>Advantage of Factory Design Pattern</h4>\r\nFactory Method Pattern allows the sub-classes to choose the type of objects to create.\r\nIt promotes the loose-coupling by eliminating the need to bind application-specific classes into the code. That means the code interacts solely with the resultant interface or abstract class, so that it will work with any classes that implement that interface or that extends that abstract class.\r\n<h4>Usage of Factory Design Pattern</h4>\r\nWhen a class doesn't know what sub-classes will be required to create\r\nWhen a class wants that its sub-classes specify the objects to be created.\r\nWhen the parent classes choose the creation of objects to its sub-classes.\r\n                                        \r\n                                    \r\n                                        \r\n                                    \r\n                                        \r\n                                    \r\n                                        \r\n                                    ","submenu_ref":"factory","menu_ref":"design_pattern","_class":"com.mongodb.BasicDBObject"}
{"_id":{"$oid":"5c88a637c842eb422c31e915"},"conetent_id":"abstarct_factory_content","content":"\t\t\t\t\t\t\t\t\r\n                                    \t\t\t\t\t\t\t\t\r\n                                    \t\t\t\t\t\t\t\t\r\n                                    \t\t\t\t\t\t\t\t\r\n                                    \t\t\t\t\t\t\t\t\r\n                                    \t\t\t\t\t\t\t\t\r\n                                    \t\t\t\t\t\t\t\t\r\n                                    \t\t\t\t\t\t\t\t\r\n                                    \t\t\t\t\t\t\t\t\r\n                                    \t<h2>Abstract Factory Pattern</h2>\r\n                                    <p>Abstract Factory Pattern is is factory of factory.</p>\r\n                                \r\n\t\t\t\t\t\t\t\r\n                                \r\n\t\t\t\t\t\t\t\r\n                                \r\n\t\t\t\t\t\t\t\r\n                                \r\n\t\t\t\t\t\t\t\r\n                                \r\n\t\t\t\t\t\t\t\r\n                                \r\n\t\t\t\t\t\t\t\r\n                                \r\n\t\t\t\t\t\t\t\r\n                                \r\n\t\t\t\t\t\t\t\r\n                                \r\n\t\t\t\t\t\t\t\r\n                                \r\n\t\t\t\t\t\t\t\r\n                                \r\n\t\t\t\t\t\t\t","submenu_ref":"abstract_factory","menu_ref":"design_pattern","_class":"com.mongodb.BasicDBObject"}
{"_id":{"$oid":"5c8d22ef3335ef77b4625843"},"conetent_id":"singleton_content","content":"                                        \r\n                                        \t<h2>Singleton Design Pattern</h2>\r\n                                    <p>Singleton Design Pattern.</p>        \r\n                                        \r\n                                    ","submenu_ref":"singleton","menu_ref":"design_pattern","_class":"com.mongodb.BasicDBObject"}
{"_id":{"$oid":"5c8d242e3335ef77b4625846"},"conetent_id":"junit_intro_content","content":"Junit","submenu_ref":"junit_intro","menu_ref":"junit","_class":"com.mongodb.BasicDBObject"}
{"_id":{"$oid":"5c8f7fdd3335ef2274da55cc"},"conetent_id":"spring_submenu_content","content":"<h1>What is Spring</h1>\r\nSpring  is a framework","submenu_ref":"spring_submenu","menu_ref":"spring","_class":"com.mongodb.BasicDBObject"}
{"_id":{"$oid":"5c907d333335ef612cd39be7"},"conetent_id":"test_content","content":"test","submenu_ref":"test","menu_ref":"Select","_class":"com.mongodb.BasicDBObject"}
{"_id":{"$oid":"5c907d463335ef612cd39be9"},"conetent_id":"test_content","content":"test_submenu","submenu_ref":"test","menu_ref":"test","_class":"com.mongodb.BasicDBObject"}
{"_id":{"$oid":"5c907d643335ef612cd39beb"},"conetent_id":"java_submenu_content","content":"Java","submenu_ref":"java_submenu","menu_ref":"java","_class":"com.mongodb.BasicDBObject"}
{"_id":{"$oid":"5c96745bae19e81f3c58850a"},"conetent_id":"test1_content","content":"test1","submenu_ref":"test1","menu_ref":"test","_class":"com.mongodb.BasicDBObject"}
{"_id":{"$oid":"5c96758dae19e81320e8e43f"},"conetent_id":"design_pattern_sub_menu_content","content":"                                        \r\n                                                                                    \r\n                                                                                    \r\n                                                                                    \r\n                                                                                    \r\n                                                                                    \r\n                                                                                    \r\n                                                                                    \r\n                                                                                    \r\n                                                                                    \r\n                                                                                    \r\n                                                                                    \r\n                                                                                    \r\n                                                                                    \r\n                                                                                    \r\n                                                                                    \r\n                                                                                    \r\n                                                                                    \r\n                                                                                    \r\n                                                                                    \r\n                                                                                    \r\n                                                                                    \r\n                                            <h2>What is a Pattern?</h2>\r\n<p>\r\n    Patterns are about documenting a solution for a well know (recurring) problem in a particular context. It can also be defined as recurring solution to a problem in a context. Let me elaborate the things. First, what is a context? A context is an environment, surroundings or situations under which something exits. What is a problem? A problem is something that needs to be resolved. Solution? It is the answer to the problem in a context that helps resolve the issue. As defined by experts each pattern is a three-part rule, which expresses a relation between a certain context, a problem and a solution.\r\n    </p>\r\n\r\n    <h2>Pattern identification</h2>\r\n    <p>When we face a recurring problem and resolve it, they first document its characteristics using the pattern template. These documented patterns are called candidate patterns. These candidate patterns will not be added to the pattern catalog. Rather they observe and document these problems and their solutions across multiple projects. When a new problem is encountered, rather than documenting it immediately, we try to identify weather this problem and a solution has been already available existing pattern catalogs. If not based on their relevance and the context these candidate patterns will be turned into the standard patterns.</p>\r\n\r\n    <h2>Pattern Template</h2>\r\n    <p>A pattern template contains many sections describing the various aspects related to the pattern. Every pattern will be given a name to refer it and communicate about it with other people in the community. In general a J2EE pattern template may contain the following sections: a) Problem: Describes the issues that a developer has faced. b) Forces: List of reasons that makes the developer forces to use that pattern, justification for using the pattern. c) Solution: Describes briefly what can be done to solve the problem. I. Structure: Diagrams describing the basic structure of the solution. II. Strategies: Provides code snippets showing how to implement it d) Consequences: Describes result of using that pattern. Pros and cons of using it. e) Related patterns: This section lists other related patterns and their brief description around it.</p>\r\n\r\n    <h2>Pattern Catalog</h2>\r\n    <p>Patterns, builds recurring solution for a problem in a context. As they could be multiple problems, we ended up in having several patterns to resolve. Even they are multiple problems; based on their nature we can classify them into groups. For e.g. all these patterns are used to solve the problems that encounter in a presentation-tier are called presentation-tier catalog patterns. But there is no particular process in place to identify or classify them in groups.</p>\r\n    <ul>\r\n        <li>\r\n            <h3>GOF Pattern Catalog</h3>\r\n            <p>When it comes to GOF patterns they grouped together related patterns and came up with catalog of patters as shown below.\r\n<img src=\"/image/GOF_Pattern_catalog.JPG\" width=\"800\" height=\"500\"></p>\r\n\r\n         </li>\r\n          <li>\r\n            <h3>J2EE Pattern catalog</h3>\r\n            <p>J2EE Platform/applications are multitiered system; we view the system in terms of tiers. A tier is a logical partition of related concerns. Tiers are used for separation of concerns. Each Tier handles its unique responsibility in the system. Each tier is a logical separation and has minimal dependency with other tiers. So, if we look into a J2EE Application it can be viewed as five several tiers as follows.\r\n            </p>\r\n        </li>\r\n        <ul>\r\n                                        \r\n                                    \r\n                                        \r\n                                    \r\n                                        \r\n                                    \r\n                                        \r\n                                    \r\n                                        \r\n                                    \r\n                                        \r\n                                    \r\n                                        \r\n                                    \r\n                                        \r\n                                    \r\n                                        \r\n                                    \r\n                                        \r\n                                    \r\n                                        \r\n                                    \r\n                                        \r\n                                    \r\n                                        \r\n                                    \r\n                                        \r\n                                    \r\n                                        \r\n                                    \r\n                                        \r\n                                    \r\n                                        \r\n                                    \r\n                                        \r\n                                    \r\n                                        \r\n                                    \r\n                                        \r\n                                    \r\n                                        \r\n                                    \r\n                                        \r\n                                    ","submenu_ref":"design_pattern_sub_menu","menu_ref":"design_pattern","_class":"com.mongodb.BasicDBObject"}
