{"_id":{"$oid":"5c854242c842eb422c31e90e"},"submenu_id":"factory","submenu_name":"Factory Design Pattern","menu_ref":"design_pattern","sort":"3"}
{"_id":{"$oid":"5c864990c842eb422c31e914"},"submenu_id":"abstract_factory","submenu_name":"Abstract Factory Pattern","menu_ref":"design_pattern","sort":"2"}
{"_id":{"$oid":"5c8d22ec3335ef77b4625842"},"submenu_id":"singleton","submenu_name":"Singleton Design Pattern","menu_ref":"design_pattern","sort":"2","_class":"com.mongodb.BasicDBObject"}
{"_id":{"$oid":"5c8d242e3335ef77b4625845"},"submenu_id":"junit_intro","submenu_name":"Junit","menu_ref":"junit","_class":"com.mongodb.BasicDBObject","sort":"1"}
{"_id":{"$oid":"5c8f7fdd3335ef2274da55cb"},"submenu_id":"spring_submenu","submenu_name":"Spring","menu_ref":"spring","_class":"com.mongodb.BasicDBObject","sort":"1"}
{"_id":{"$oid":"5c907d463335ef612cd39be8"},"submenu_id":"test","submenu_name":"test_submenu","menu_ref":"test","sort":"2","_class":"com.mongodb.BasicDBObject"}
{"_id":{"$oid":"5c907d643335ef612cd39bea"},"submenu_id":"java_submenu","submenu_name":"Java","menu_ref":"java","_class":"com.mongodb.BasicDBObject","sort":"1"}
{"_id":{"$oid":"5c967447ae19e81f3c588509"},"submenu_id":"test1","submenu_name":"test1","menu_ref":"test","sort":"1","_class":"com.mongodb.BasicDBObject"}
{"_id":{"$oid":"5c96758dae19e81320e8e43e"},"submenu_id":"design_pattern_sub_menu","submenu_name":"Design Pattern","menu_ref":"design_pattern","sort":"1","_class":"com.mongodb.BasicDBObject"}
